{"cameraMode":{"drawMode":0,"name":"Shaded","section":"Shading Mode"},"sceneLighting":true,"audioPlay":false,"sceneViewState":{"showFog":true,"showMaterialUpdate":false,"showSkybox":true,"showFlares":true,"showImageEffects":true,"showParticleSystems":true},"in2DMode":false,"pivot":{"x":3.314797878265381,"y":0.08295249938964844,"z":-2.542795181274414},"rotation":{"x":-0.11445458233356476,"y":0.8837817907333374,"z":-0.28975048661231997,"w":-0.34910404682159426},"size":6.515379905700684,"orthographic":false}